question_id,publish_date,seq,genre,difficulty,type,passage,question_text,choice1,choice2,choice3,choice4,answer,explanation,time_limit_sec
2026W42-D1-Q01,2026-10-12,1,文脈,1,choice4,,「A案は安い一方で、準備に時間がかかる。」この文の関係はどれか。,長所と短所の対比,原因と結果,時刻の前後,具体例と定義,1,【型: 接続表現で関係を読む】「一方で」は異なる側面を対比する。安さと準備時間は別の評価軸である。,60
2026W42-D1-Q02,2026-10-12,2,数理,2,choice4,,250mの道を秒速5mで進む。何秒かかるか。,1250,55,50,45,3,【型: 距離÷速さで時間を求める】250÷5=50秒。距離と速さの単位はmでそろっている。,90
2026W42-D1-Q03,2026-10-12,3,推論,2,choice4,,貸出には会員証が必要である。会員証を持っている人について、この条件だけで言えることはどれか。,必ず貸出できる,必ず本を借りたことがある,必ず貸出できない,貸出できるとは限らない,4,【型: 必要条件を十分条件にしない】会員証がないと借りられないが、持っていれば借りられるとは限らない。他の条件があり得る。,120
2026W42-D1-Q04,2026-10-12,4,教養,1,choice4,,国語辞典で語を探すときの基本的な配列はどれか。,漢字の画数だけの順,五十音順,使用頻度の高い順,文字数の多い順,2,【型: 資料の並び方を知る】一般的な国語辞典は見出し語を五十音順に並べる。漢和辞典とは探し方が異なる。,60
2026W42-D1-Q05,2026-10-12,5,英語,2,choice4,,"“Closed on Mondays, except public holidays.” この施設が開くのはどれか。",全ての月曜日の午前だけ,通常の月曜日,祝日の月曜日以外の月曜日,祝日の月曜日,4,【型: 例外を示すexceptを読む】通常は月曜休みだが、祝日は例外として開く。,90
2026W42-D1-Q06,2026-10-12,6,資料,2,reading,"ある班は四つのポスター案を試し、同じ人数に「内容を理解できたか」を尋ねた。\n|案|回答者数|理解できた人数|文字数|\n|A|40人|28人|120字|\n|B|40人|32人|160字|\n|C|40人|30人|100字|\n|D|40人|24人|200字|\n図や文字の配置も案ごとに異なる。理解の違いを文字数だけの影響と決めることはできない。",理解できた人数が最も多い案はどれか。,C案,D案,B案,A案,3,【型: 人数の最大値を読む】28、32、30、24人の最大はB案。,180
2026W42-D1-Q07,2026-10-12,7,資料,2,reading,"ある班は四つのポスター案を試し、同じ人数に「内容を理解できたか」を尋ねた。\n|案|回答者数|理解できた人数|文字数|\n|A|40人|28人|120字|\n|B|40人|32人|160字|\n|C|40人|30人|100字|\n|D|40人|24人|200字|\n図や文字の配置も案ごとに異なる。理解の違いを文字数だけの影響と決めることはできない。",C案で理解できた人の割合は何%か。,75%,25%,70%,80%,1,【型: 部分÷全体で割合を求める】30÷40=0.75なので75%。,90
2026W42-D1-Q08,2026-10-12,8,資料,3,reading,"ある班は四つのポスター案を試し、同じ人数に「内容を理解できたか」を尋ねた。\n|案|回答者数|理解できた人数|文字数|\n|A|40人|28人|120字|\n|B|40人|32人|160字|\n|C|40人|30人|100字|\n|D|40人|24人|200字|\n図や文字の配置も案ごとに異なる。理解の違いを文字数だけの影響と決めることはできない。",資料に合う判断はどれか。,回答者数の違いが理解人数の差を生んだ,文字数以外の配置も検討する必要がある,文字が多ければ必ず理解率が上がる,D案は全員に理解された,2,【型: 変わった条件を複数確認する】配置も異なるので文字数だけの原因と断定できない。回答者数は同じ。,90
2026W42-D2-Q01,2026-10-13,1,ことば,1,choice4,,「概要」に最も近いものはどれか。,最後の一文だけ,個人の感想だけ,全体のあらまし,細部のすべて,3,【型: 全体と細部を区別する】概要は全体の主要な内容をまとめたもの。詳細の完全な列挙ではない。,60
2026W42-D2-Q02,2026-10-13,2,数理,2,choice4,,15人の作業で1人当たり4枚の資料を使う。予備を10枚用意すると、必要な枚数は何枚か。,80,70,50,60,2,【型: 人数分と予備を分ける】15×4=60枚。予備10枚を加えて70枚。,90
2026W42-D2-Q03,2026-10-13,3,推論,2,choice4,,箱X、Y、Zに丸・三角・四角を一つずつ入れる。Xは丸、Yは四角ではない。Zの中身はどれか。,決められない,丸,四角,三角,3,【型: 使用済みの候補を除く】Xが丸なのでYは丸ではなく、四角でもないため三角。Zは四角。,120
2026W42-D2-Q04,2026-10-13,4,教養,1,choice4,,北半球で秋に昼が短くなる主な理由に関係するのはどれか。,月の満ち欠けだけ,地軸の傾きと地球の公転,地球の形が毎月変わること,海水の塩分だけ,2,【型: 季節と地球の運動を結ぶ】地軸が傾いたまま公転するため、太陽の当たり方と昼の長さが季節で変わる。,60
2026W42-D2-Q05,2026-10-13,5,英語,2,choice4,,“a place where you can borrow books” が表す語はどれか。,kitchen,airport,stadium,library,4,【型: 場所の機能から語を決める】本を借りられる場所はlibrary。borrowは買うことではない。,90
2026W42-D2-Q06,2026-10-13,6,読解,2,reading,実習室の利用規則。放課後の個人利用は16時から17時までで、担当教員がいる日に限る。使いたい人は当日の昼休みまでに申し込む。工具を使う前には点検表を確認し、異常があれば使わず担当教員に知らせる。最後に使用した人は道具の数を確認するが、片付けは利用者全員で行う。予約していても担当教員が不在になった場合は利用できない。個人利用の時間中に、許可を受けず他の生徒へ工具を貸すことも禁止する。,放課後の個人利用時間はいつか。,16時〜17時,17時〜18時,昼休み〜16時,15時〜18時,1,【型: 利用枠の時刻を読む】個人利用は16時から17時までと明記されている。,180
2026W42-D2-Q07,2026-10-13,7,読解,2,reading,実習室の利用規則。放課後の個人利用は16時から17時までで、担当教員がいる日に限る。使いたい人は当日の昼休みまでに申し込む。工具を使う前には点検表を確認し、異常があれば使わず担当教員に知らせる。最後に使用した人は道具の数を確認するが、片付けは利用者全員で行う。予約していても担当教員が不在になった場合は利用できない。個人利用の時間中に、許可を受けず他の生徒へ工具を貸すことも禁止する。,工具に異常を見つけたらどうするか。,使用せず担当教員に知らせる,点検表だけを捨てる,ほかの生徒へ無断で貸す,自分で試しに使い続ける,1,【型: 異常時の手順を順に読む】使わないことと報告の両方が必要。,90
2026W42-D2-Q08,2026-10-13,8,読解,3,reading,実習室の利用規則。放課後の個人利用は16時から17時までで、担当教員がいる日に限る。使いたい人は当日の昼休みまでに申し込む。工具を使う前には点検表を確認し、異常があれば使わず担当教員に知らせる。最後に使用した人は道具の数を確認するが、片付けは利用者全員で行う。予約していても担当教員が不在になった場合は利用できない。個人利用の時間中に、許可を受けず他の生徒へ工具を貸すことも禁止する。,規則に合う説明はどれか。,片付けは最後の一人だけが行う,申込みは利用翌日でよい,予約すれば必ず利用できる,予約済みでも教員不在なら利用できない,4,【型: 予約と利用可能の条件を分ける】予約に加えて担当教員の在室が必要。片付けは全員の役割。,90
2026W42-D3-Q01,2026-10-14,1,文脈,1,choice4,,主張「練習場所を増やすべきだ」の直接の根拠になる文はどれか。,場所が足りず練習できない班がある,部室の時計は丸い,校歌には三番まである,練習着には複数の色がある,1,【型: 主張と同じ課題を支える事実を選ぶ】場所不足という事実は増設の必要性を支える。ほかの事実は場所の数と結び付かない。,60
2026W42-D3-Q02,2026-10-14,2,数理,2,choice4,,ある商品の価格は1200円から1500円になった。増加率は何%か。,30,25,20,125,2,【型: 増加分を元の値で割る】増加は300円。300÷1200=25%。,90
2026W42-D3-Q03,2026-10-14,3,推論,2,choice4,,64、32、16、8と続く数列で次の数はどれか。,4,1,2,6,1,【型: 一定の倍率を探す】毎回2で割っている。8÷2=4。,120
2026W42-D3-Q04,2026-10-14,4,教養,1,choice4,,縮尺1:25000の地図で4cmの距離は、実際には何kmか。,0.1km,10km,100km,1km,4,【型: 縮尺と単位をそろえる】4×25000=100000cm。100000cmは1000m、つまり1kmである。,60
2026W42-D3-Q05,2026-10-14,5,英語,2,choice4,,“There (　) two chairs by the window.” 空欄に入る語はどれか。,is,am,be,are,4,【型: there構文の数を合わせる】存在する物はtwo chairsで複数。be動詞はareとなる。,90
2026W42-D3-Q06,2026-10-14,6,資料,2,reading,"校内の貸出用タブレットを点検した。「利用可能」は総数から修理中を引いた台数である。\n|保管場所|総数|修理中|予約済み|\n|東棟|30台|4台|18台|\n|西棟|24台|2台|16台|\n|本館|40台|5台|25台|\n|実習棟|20台|0台|15台|\n予約済みは全て利用可能な端末に対する予約であり、修理中の端末は含まない。",利用可能な台数が最も多い場所はどこか。,実習棟,西棟,本館,東棟,3,【型: 総数から修理中を引く】26、22、35、20台なので本館が最大。,180
2026W42-D3-Q07,2026-10-14,7,資料,2,reading,"校内の貸出用タブレットを点検した。「利用可能」は総数から修理中を引いた台数である。\n|保管場所|総数|修理中|予約済み|\n|東棟|30台|4台|18台|\n|西棟|24台|2台|16台|\n|本館|40台|5台|25台|\n|実習棟|20台|0台|15台|\n予約済みは全て利用可能な端末に対する予約であり、修理中の端末は含まない。",西棟で利用可能かつ未予約の台数は何台か。,16台,6台,8台,22台,2,【型: 二段階で残りを求める】24−2−16=6台。,90
2026W42-D3-Q08,2026-10-14,8,資料,3,reading,"校内の貸出用タブレットを点検した。「利用可能」は総数から修理中を引いた台数である。\n|保管場所|総数|修理中|予約済み|\n|東棟|30台|4台|18台|\n|西棟|24台|2台|16台|\n|本館|40台|5台|25台|\n|実習棟|20台|0台|15台|\n予約済みは全て利用可能な端末に対する予約であり、修理中の端末は含まない。",8台を同じ場所で追加予約できる場所の組合せはどれか。,西棟と実習棟,本館と実習棟,東棟と本館,東棟と西棟,3,【型: 空き台数と必要台数を照合する】空きは8、6、10、5台。8台以上なのは東棟と本館。,90
2026W42-D4-Q01,2026-10-15,1,ことば,1,choice4,,自分が先生の話を聞いたことを表す敬語として適切なのはどれか。,先生のお話を伺いました,先生のお話をいらっしゃいました,先生のお話をご覧になりました,先生のお話をお聞きになりました,1,【型: 自分の動作には謙譲語を使う】「伺う」は聞くの謙譲語。自分の動作を低めて相手への敬意を表す。,60
2026W42-D4-Q02,2026-10-15,2,数理,2,choice4,,3日間の歩数が6000歩、8000歩、7000歩だった。平均は何歩か。,21000,7500,7000,6500,3,【型: 合計÷個数で平均を求める】21000÷3=7000歩。,90
2026W42-D4-Q03,2026-10-15,3,推論,3,choice4,,5人の係で、AはBより早く、DはAより早く、CはBより遅く、EはAより遅くBより早く到着した。2番目は誰か。,A,C,B,D,1,【型: 間の条件を前後関係に組み込む】D→A→E→B→Cと並ぶ。Eが増えても2番目はA。,120
2026W42-D4-Q04,2026-10-15,4,教養,1,choice4,,乾電池を使う回路で、電流が流れるために必要なのはどれか。,電球を必ず外すこと,回路が切れずにつながっていること,導線が必ず青いこと,電池を必ず3個使うこと,2,【型: 閉じた回路を確認する】電池から出て戻る道がつながった閉回路で電流が流れる。色や電池3個は条件ではない。,60
2026W42-D4-Q05,2026-10-15,5,英語,2,choice4,,“Tickets are available online only.” から分かることはどれか。,チケットは会場だけで入手できる,チケットは全て無料である,チケットはオンラインだけで入手できる,チケットは購入できない,3,【型: onlyが限定する部分を読む】online onlyは入手方法をオンラインに限定する。価格は示されていない。,90
2026W42-D4-Q06,2026-10-15,6,読解,2,reading,学校新聞でアンケート結果を紹介することになった。編集班は人数だけでなく、対象者、回答した人数、質問の文を載せる。「便利だと思う」と答えた割合が高くても、使った回数や使い方まで同じとは限らないからだ。回答しなかった人の意見は分からないため、結果を学校全員の意見として書くことは避ける。自由記述は個人が分かる部分を省き、意味を変えない範囲で短くする。見出しは目を引くものにするが、本文より強い断定はしない。,結果と一緒に載せる情報はどれか。,便利さの順位だけ,回答者の氏名と住所,編集班全員の成績,対象者・回答人数・質問文,4,【型: 調査を読むための条件を拾う】誰に何を聞いて何人が答えたかを示す方針である。,180
2026W42-D4-Q07,2026-10-15,7,読解,2,reading,学校新聞でアンケート結果を紹介することになった。編集班は人数だけでなく、対象者、回答した人数、質問の文を載せる。「便利だと思う」と答えた割合が高くても、使った回数や使い方まで同じとは限らないからだ。回答しなかった人の意見は分からないため、結果を学校全員の意見として書くことは避ける。自由記述は個人が分かる部分を省き、意味を変えない範囲で短くする。見出しは目を引くものにするが、本文より強い断定はしない。,学校全員の意見として書かない理由はどれか。,便利と答えた人がいるから,新聞の紙が白いから,質問の文が短いから,回答しなかった人の意見が分からないから,4,【型: 結果が及ぶ範囲を確認する】未回答者の意見は不明なので全員へ広げられない。,90
2026W42-D4-Q08,2026-10-15,8,読解,3,reading,学校新聞でアンケート結果を紹介することになった。編集班は人数だけでなく、対象者、回答した人数、質問の文を載せる。「便利だと思う」と答えた割合が高くても、使った回数や使い方まで同じとは限らないからだ。回答しなかった人の意見は分からないため、結果を学校全員の意見として書くことは避ける。自由記述は個人が分かる部分を省き、意味を変えない範囲で短くする。見出しは目を引くものにするが、本文より強い断定はしない。,編集方針に合うものはどれか。,便利さへの回答で全員の使用回数を決める,自由記述の意味を保って個人情報を省く,見出しなら本文より強く断定してよい,未回答者も賛成に数える,2,【型: 配慮と内容の正確さを両立する】個人が分かる部分を省きつつ意味を変えないことが条件。,90
2026W42-D5-Q01,2026-10-16,1,文脈,1,choice4,,「会場が変更されたため、案内を修正した。」理由を表す部分はどれか。,案内だけを見た,案内を修正した,会場が変更された,修正が終わった,3,【型: ための前後で理由と結果を分ける】「ため」の前が理由、後が対応や結果。会場変更が修正の理由である。,60
2026W42-D5-Q02,2026-10-16,2,数理,2,choice4,,縦8cm、横12cmの長方形の周の長さは何cmか。,40,20,32,96,1,【型: 周の長さと面積を区別する】縦と横が2本ずつあるので(8+12)×2=40cm。,90
2026W42-D5-Q03,2026-10-16,3,推論,2,choice4,,「申込者は全員、確認メールを受け取った」が正しい。メールを受け取っていない人はどれか。,必ず申込者だ,必ず教員だ,必ず申込みを取り消した,申込者ではない,4,【型: 全称条件の対偶を読む】申込者なら受け取ったので、受け取っていないなら申込者ではない。,120
2026W42-D5-Q04,2026-10-16,4,教養,1,choice4,,日本の三権分立で、裁判所が担うのはどれか。,行政,立法,司法,外交だけ,3,【型: 機関と権限を対応させる】裁判所は司法、国会は立法、内閣は行政を担う。,60
2026W42-D5-Q05,2026-10-16,5,英語,2,choice4,,“Thank you for showing me the way.” への自然な返答はどれか。,I'm sixteen.,You're welcome.,It's on Friday.,I need two tickets.,2,【型: 感謝と返答を対応させる】You're welcomeは感謝への返答。「どういたしまして」に当たる。,90
2026W42-D5-Q06,2026-10-16,6,資料,2,reading,"地域の販売体験で、四つの商品について同じ日の売上を記録した。売上金額は単価×販売数で求める。\n|商品|単価|販売数|\n|しおり|120円|30個|\n|カード|200円|25個|\n|小箱|300円|12個|\n|布袋|500円|10個|\n材料費や準備時間はこの表に含まれない。売上金額と利益は同じではない。",販売数が最も多い商品はどれか。,布袋,小箱,カード,しおり,4,【型: 個数と金額を分ける】販売数の最大はしおり30個。,180
2026W42-D5-Q07,2026-10-16,7,資料,2,reading,"地域の販売体験で、四つの商品について同じ日の売上を記録した。売上金額は単価×販売数で求める。\n|商品|単価|販売数|\n|しおり|120円|30個|\n|カード|200円|25個|\n|小箱|300円|12個|\n|布袋|500円|10個|\n材料費や準備時間はこの表に含まれない。売上金額と利益は同じではない。",カードの売上金額はいくらか。,5000円,4000円,2500円,6000円,1,【型: 単価×販売数で売上を求める】200×25=5000円。,90
2026W42-D5-Q08,2026-10-16,8,資料,3,reading,"地域の販売体験で、四つの商品について同じ日の売上を記録した。売上金額は単価×販売数で求める。\n|商品|単価|販売数|\n|しおり|120円|30個|\n|カード|200円|25個|\n|小箱|300円|12個|\n|布袋|500円|10個|\n材料費や準備時間はこの表に含まれない。売上金額と利益は同じではない。",表から確実に言えることはどれか。,布袋の利益が必ず最も大きい,カードと布袋の売上金額は同じ,しおりと小箱の販売数は同じ,全商品の材料費は同じ,2,【型: 売上と利益を区別する】カード200×25、布袋500×10はともに5000円。材料費が不明なので利益は比較できない。,90
2026W42-D6-Q01,2026-10-17,1,ことば,1,choice4,,「温度計：温度」と同じ関係の組合せはどれか。,体重計：体重,鉛筆：色,電池：箱,時計：教室,1,【型: 道具と測定対象を対応させる】温度計は温度を測る道具。同じく体重計は体重を測る。,60
2026W42-D6-Q02,2026-10-17,2,数理,2,choice4,,A:B=4:7で、Bが56のときAはいくつか。,98,28,40,32,4,【型: 比の1単位を求める】56÷7=8。Aは4×8=32。,90
2026W42-D6-Q03,2026-10-17,3,推論,2,choice4,,A、B、Cが各1回、月・火・水に担当する。Cは水曜日、AはBより後である。Aの担当日はいつか。,火曜日,月曜日,決められない,水曜日,1,【型: 残る日を順序で決める】Cが水曜なのでA、Bは月火。Aが後だから火曜になる。,120
2026W42-D6-Q04,2026-10-17,4,教養,1,choice4,,混合物から、液体に溶けない固体を分ける方法はどれか。,発酵,ろ過,蒸留だけ,中和だけ,2,【型: 物質の性質に合う分離法を選ぶ】ろ紙などを使い、液体を通して溶けない固体を残すのがろ過である。,60
2026W42-D6-Q05,2026-10-17,5,英語,2,choice4,,“She enjoys (　) pictures.” 空欄に入る語はどれか。,draws,draw,drew,drawing,4,【型: enjoyの後は動名詞を使う】enjoy＋動詞のing形で、〜することを楽しむという意味になる。,90
2026W42-D6-Q06,2026-10-17,6,読解,2,reading,写真部は夕方の風景を撮る会を開く。明るさが変わる様子を比べるため、同じ場所から15分おきに撮影する。カメラの設定を変えた場合は、時刻と一緒に記録する。写真の明るさは景色だけでなく設定にも左右されるためだ。撮影場所は歩道の広い区間に限り、通行人の移動を妨げない。暗くなったら撮影を終え、帰り道は複数人で確認する。よい写真が撮れそうでも、車道へ出たり立入禁止の場所に入ったりしてはいけない。,同じ場所で撮る主な目的は何か。,撮影時刻を分からなくするため,明るさの時間変化を比べるため,カメラの設定を記録しないため,全員の写真を同じ作品にするため,2,【型: 方法と目的を対応させる】場所を固定し15分おきに撮ることで時間の変化を比べる。,180
2026W42-D6-Q07,2026-10-17,7,読解,2,reading,写真部は夕方の風景を撮る会を開く。明るさが変わる様子を比べるため、同じ場所から15分おきに撮影する。カメラの設定を変えた場合は、時刻と一緒に記録する。写真の明るさは景色だけでなく設定にも左右されるためだ。撮影場所は歩道の広い区間に限り、通行人の移動を妨げない。暗くなったら撮影を終え、帰り道は複数人で確認する。よい写真が撮れそうでも、車道へ出たり立入禁止の場所に入ったりしてはいけない。,設定を変えた場合に記録する理由は何か。,全ての写真が失敗になるから,設定を変えると時刻が止まるから,設定も写真の明るさに影響するから,記録すると歩道が広くなるから,3,【型: 比較に影響する別の条件を確認する】設定の違いも明るさに影響するので、景色の変化と分けて考える。,90
2026W42-D6-Q08,2026-10-17,8,読解,3,reading,写真部は夕方の風景を撮る会を開く。明るさが変わる様子を比べるため、同じ場所から15分おきに撮影する。カメラの設定を変えた場合は、時刻と一緒に記録する。写真の明るさは景色だけでなく設定にも左右されるためだ。撮影場所は歩道の広い区間に限り、通行人の移動を妨げない。暗くなったら撮影を終え、帰り道は複数人で確認する。よい写真が撮れそうでも、車道へ出たり立入禁止の場所に入ったりしてはいけない。,会の方針に合う行動はどれか。,構図がよければ車道へ出る,暗くなっても必ず撮影を続ける,歩道の指定場所で通行を妨げず撮る,立入禁止でも短時間なら入る,3,【型: 成果と行動条件を照合する】撮影場所と通行への配慮を守る必要がある。よい写真を理由に制限を外せない。,90
2026W42-D7-Q01,2026-10-18,1,文脈,1,choice4,,「新しい機器は便利だ。操作を覚えるには時間がかかる。」二文をつなぐ語として自然なのはどれか。,だから,たとえば,つまり,しかし,4,【型: 評価が反対に向く接続を選ぶ】便利という利点の後に負担を述べる。「しかし」で対比できる。,60
2026W42-D7-Q02,2026-10-18,2,数理,2,choice4,,当たり2本、外れ6本のくじから1本引く。当たりの確率はどれか。,1/4,1/3,3/4,1/2,1,【型: 当たり÷全体を約分する】全体8本で当たり2本。2/8=1/4。,90
2026W42-D7-Q03,2026-10-18,3,推論,2,choice4,,5、8、12、17、23と続く数列で次の数はどれか。,31,28,29,30,4,【型: 差が1ずつ増える並びを読む】差は3、4、5、6。次は7を足して30。,120
2026W42-D7-Q04,2026-10-18,4,教養,1,choice4,,方位記号でNが示す方向はどれか。,南,北,東,西,2,【型: 方位の英語表記を対応させる】NはNorthの頭文字で北を示す。,60
2026W42-D7-Q05,2026-10-18,5,英語,2,choice4,,“Please submit the form by Friday.” から分かることはどれか。,毎週金曜日に用紙を買う,金曜日より後だけ提出できる,金曜日までに用紙を提出する,用紙は提出しなくてよい,3,【型: byが表す期限を読む】by Fridayは金曜までという期限。after Fridayとは異なる。,90
2026W42-D7-Q06,2026-10-18,6,資料,2,reading,"四つの班が校内の植木鉢に水を与え、同じ日に使用量を記録した。\n|班|鉢の数|使った水|作業時間|\n|A|12鉢|18L|15分|\n|B|10鉢|20L|12分|\n|C|16鉢|24L|18分|\n|D|8鉢|12L|10分|\n植物の種類や鉢の大きさは異なる。水が少ない班ほど植物に適切な管理をしたとは限らない。",水の総使用量が最も多い班はどれか。,D班,B班,C班,A班,3,【型: 合計量の最大を読む】18、20、24、12Lの最大はCの24L。,180
2026W42-D7-Q07,2026-10-18,7,資料,2,reading,"四つの班が校内の植木鉢に水を与え、同じ日に使用量を記録した。\n|班|鉢の数|使った水|作業時間|\n|A|12鉢|18L|15分|\n|B|10鉢|20L|12分|\n|C|16鉢|24L|18分|\n|D|8鉢|12L|10分|\n植物の種類や鉢の大きさは異なる。水が少ない班ほど植物に適切な管理をしたとは限らない。",B班の1鉢当たりの使用量は何Lか。,1.5L,2L,2.5L,1L,2,【型: 総量を鉢数で割る】20÷10=2L。,90
2026W42-D7-Q08,2026-10-18,8,資料,3,reading,"四つの班が校内の植木鉢に水を与え、同じ日に使用量を記録した。\n|班|鉢の数|使った水|作業時間|\n|A|12鉢|18L|15分|\n|B|10鉢|20L|12分|\n|C|16鉢|24L|18分|\n|D|8鉢|12L|10分|\n植物の種類や鉢の大きさは異なる。水が少ない班ほど植物に適切な管理をしたとは限らない。",1鉢当たりの使用量が等しい班の組合せはどれか。,A・C・D,A・B・D,B・C・D,A・B・C,1,【型: 単位当たりで比較する】Aは18/12、Cは24/16、Dは12/8で全て1.5L。Bは2L。,90
